-- phpMyAdmin SQL Dump
-- version 3.5.2
-- http://www.phpmyadmin.net
--
-- Servidor: localhost
-- Tiempo de generación: 18-05-2015 a las 18:59:38
-- Versión del servidor: 5.5.25a
-- Versión de PHP: 5.4.4

SET SQL_MODE="NO_AUTO_VALUE_ON_ZERO";
SET time_zone = "+00:00";


/*!40101 SET @OLD_CHARACTER_SET_CLIENT=@@CHARACTER_SET_CLIENT */;
/*!40101 SET @OLD_CHARACTER_SET_RESULTS=@@CHARACTER_SET_RESULTS */;
/*!40101 SET @OLD_COLLATION_CONNECTION=@@COLLATION_CONNECTION */;
/*!40101 SET NAMES utf8 */;

--
-- Base de datos: `sisadminweb`
--

-- --------------------------------------------------------

--
-- Estructura de tabla para la tabla `t_balance_x`
--

CREATE TABLE IF NOT EXISTS `t_balance_x` (
  `id` int(11) NOT NULL AUTO_INCREMENT,
  `id_usuario` int(11) NOT NULL,
  `cont_factura` int(11) NOT NULL,
  `cont_punto` int(11) NOT NULL,
  `cont_cheque` int(11) NOT NULL,
  `total_factura` double NOT NULL,
  `total_cheque` double NOT NULL,
  `total_efectivo` double NOT NULL,
  `total_punto` double NOT NULL,
  `fecha` date NOT NULL,
  PRIMARY KEY (`id`),
  KEY `fk_t_balance_x_t_usuario1_idx` (`id_usuario`)
) ENGINE=InnoDB DEFAULT CHARSET=utf8 COLLATE=utf8_spanish2_ci AUTO_INCREMENT=1 ;

-- --------------------------------------------------------

--
-- Estructura de tabla para la tabla `t_balance_x_vendedor`
--

CREATE TABLE IF NOT EXISTS `t_balance_x_vendedor` (
  `id` int(11) NOT NULL AUTO_INCREMENT,
  `id_usuario` int(11) NOT NULL,
  `cont_factura` int(11) NOT NULL,
  `cont_punto` int(11) NOT NULL,
  `cont_cheque` int(11) NOT NULL,
  `total_factura` double NOT NULL,
  `total_cheque` double NOT NULL,
  `total_efectivo` double NOT NULL,
  `total_punto` double NOT NULL,
  `fecha` date NOT NULL,
  PRIMARY KEY (`id`),
  KEY `fk_t_balance_x_vendedor_t_usuario1_idx` (`id_usuario`)
) ENGINE=InnoDB DEFAULT CHARSET=utf8 COLLATE=utf8_spanish2_ci AUTO_INCREMENT=1 ;

-- --------------------------------------------------------

--
-- Estructura de tabla para la tabla `t_balance_z`
--

CREATE TABLE IF NOT EXISTS `t_balance_z` (
  `id` int(11) NOT NULL AUTO_INCREMENT,
  `cont_factura` int(11) NOT NULL,
  `cont_punto` int(11) NOT NULL,
  `cont_cheque` int(11) NOT NULL,
  `total_factura` double NOT NULL,
  `total_cheque` double NOT NULL,
  `total_efectivo` double NOT NULL,
  `total_punto` double NOT NULL,
  `fecha` date NOT NULL,
  PRIMARY KEY (`id`)
) ENGINE=InnoDB DEFAULT CHARSET=utf8 COLLATE=utf8_spanish2_ci AUTO_INCREMENT=1 ;

-- --------------------------------------------------------

--
-- Estructura de tabla para la tabla `t_cheque`
--

CREATE TABLE IF NOT EXISTS `t_cheque` (
  `id` int(11) NOT NULL AUTO_INCREMENT,
  `referencia` varchar(20) COLLATE utf8_spanish2_ci NOT NULL,
  `monto` double NOT NULL,
  `efectivo` double NOT NULL,
  `fecha` date DEFAULT NULL,
  PRIMARY KEY (`id`)
) ENGINE=InnoDB DEFAULT CHARSET=utf8 COLLATE=utf8_spanish2_ci AUTO_INCREMENT=1 ;

-- --------------------------------------------------------

--
-- Estructura de tabla para la tabla `t_cliente`
--

CREATE TABLE IF NOT EXISTS `t_cliente` (
  `id` int(11) NOT NULL AUTO_INCREMENT,
  `nif` varchar(20) COLLATE utf8_spanish2_ci NOT NULL,
  `nombre` varchar(50) COLLATE utf8_spanish2_ci NOT NULL,
  `direccion` varchar(100) COLLATE utf8_spanish2_ci NOT NULL,
  `telf` varchar(20) COLLATE utf8_spanish2_ci NOT NULL,
  `email` varchar(45) COLLATE utf8_spanish2_ci NOT NULL,
  PRIMARY KEY (`id`)
) ENGINE=InnoDB  DEFAULT CHARSET=utf8 COLLATE=utf8_spanish2_ci AUTO_INCREMENT=38 ;

--
-- Volcado de datos para la tabla `t_cliente`
--

INSERT INTO `t_cliente` (`id`, `nif`, `nombre`, `direccion`, `telf`, `email`) VALUES
(1, '12111', 'hector', 'caracas', '0000', 'ggggg'),
(2, '7878787', 'issa', 'caracas', '99999', 'kkkjkjkjkjkj'),
(3, '121111', 'FIDEL MARIA', 'caracas', '0000', '0000'),
(4, '', 'hector', 'caracas', '0000', ''),
(5, '', 'FIDEL MARIA', 'caracas', '0000', ''),
(6, '', 'hector', 'caracas', '0000', ''),
(7, '', 'issa', 'caracas', '99999', ''),
(8, '', 'FIDEL MARIA', 'caracas', '0000', ''),
(9, '', 'FIDEL MARIA', 'caracas', '0000', ''),
(10, '', 'FIDEL MARIA', 'caracas', '0000', ''),
(11, '', 'issa', 'caracas', '99999', ''),
(12, '', 'issa', 'caracas', '99999', ''),
(13, '', 'issa', 'caracas', '99999', ''),
(14, '', 'issa', 'caracas', '99999', ''),
(15, '', 'issa', 'caracas', '99999', ''),
(16, '', 'issa', 'caracas', '99999', ''),
(17, '', 'issa', 'caracas', '99999', ''),
(18, '', 'FIDEL MARIA', 'caracas', '0000', ''),
(19, '', 'FIDEL MARIA', 'caracas', '0000', ''),
(20, '', 'FIDEL MARIA', 'caracas', '0000', ''),
(22, '', 'FIDEL MARIA', 'caracas', '0000', ''),
(23, '', 'FIDEL MARIA', 'caracas', '0000', ''),
(24, '', 'FIDEL MARIA', 'caracas', '0000', ''),
(25, '', 'issa', 'caracas', '99999', ''),
(26, '', 'FIDEL MARIA', 'caracas', '0000', ''),
(27, '', 'hector', 'caracas', '0000', ''),
(28, '', 'hector', 'caracas', '0000', ''),
(29, '', 'FIDEL MARIA', 'caracas', '0000', ''),
(30, '', 'issa', 'caracas', '99999', '');

-- --------------------------------------------------------

--
-- Estructura de tabla para la tabla `t_det_factura`
--

CREATE TABLE IF NOT EXISTS `t_det_factura` (
  `id` int(11) NOT NULL AUTO_INCREMENT,
  `id_factura` int(11) NOT NULL,
  `descripcion` varchar(45) COLLATE utf8_spanish2_ci NOT NULL,
  `cantidad` double NOT NULL,
  `precio` double NOT NULL,
  `iva` double NOT NULL,
  `total` double NOT NULL,
  PRIMARY KEY (`id`),
  KEY `fk_t_det_factura_t_factura1_idx` (`id_factura`)
) ENGINE=InnoDB DEFAULT CHARSET=utf8 COLLATE=utf8_spanish2_ci AUTO_INCREMENT=1 ;

-- --------------------------------------------------------

--
-- Estructura de tabla para la tabla `t_det_pre_factura`
--

CREATE TABLE IF NOT EXISTS `t_det_pre_factura` (
  `id` int(11) NOT NULL AUTO_INCREMENT,
  `id_pre_factura` int(11) NOT NULL,
  `descripcion` varchar(45) COLLATE utf8_spanish2_ci NOT NULL,
  `cantidad` double NOT NULL,
  `precio` double NOT NULL,
  `iva` double NOT NULL,
  `total` double NOT NULL,
  PRIMARY KEY (`id`),
  KEY `fk_t_det_pre_factura_t_pre_factura1_idx` (`id_pre_factura`)
) ENGINE=InnoDB DEFAULT CHARSET=utf8 COLLATE=utf8_spanish2_ci AUTO_INCREMENT=1 ;

-- --------------------------------------------------------

--
-- Estructura de tabla para la tabla `t_det_producto_terminado`
--

CREATE TABLE IF NOT EXISTS `t_det_producto_terminado` (
  `id` int(11) NOT NULL AUTO_INCREMENT,
  `id_producto_terminado` int(11) NOT NULL,
  `id_materia_prima` int(11) NOT NULL,
  `cantidad` double NOT NULL,
  PRIMARY KEY (`id`),
  KEY `fk_t_det_producto_terminado_t_producto_terminado1_idx` (`id_producto_terminado`),
  KEY `fk_t_det_producto_terminado_t_materia_prima1_idx` (`id_materia_prima`)
) ENGINE=InnoDB DEFAULT CHARSET=utf8 COLLATE=utf8_spanish2_ci AUTO_INCREMENT=1 ;

-- --------------------------------------------------------

--
-- Estructura de tabla para la tabla `t_empresa`
--

CREATE TABLE IF NOT EXISTS `t_empresa` (
  `id` int(11) NOT NULL AUTO_INCREMENT,
  `nombre` varchar(100) COLLATE utf8_spanish2_ci NOT NULL,
  `rif` varchar(20) COLLATE utf8_spanish2_ci NOT NULL,
  `direccion` varchar(200) COLLATE utf8_spanish2_ci NOT NULL,
  `telf_1` varchar(20) COLLATE utf8_spanish2_ci NOT NULL,
  `telf_2` varchar(20) COLLATE utf8_spanish2_ci NOT NULL,
  PRIMARY KEY (`id`)
) ENGINE=InnoDB DEFAULT CHARSET=utf8 COLLATE=utf8_spanish2_ci AUTO_INCREMENT=1 ;

-- --------------------------------------------------------

--
-- Estructura de tabla para la tabla `t_factura`
--

CREATE TABLE IF NOT EXISTS `t_factura` (
  `id` int(11) NOT NULL AUTO_INCREMENT,
  `id_cliente` int(11) NOT NULL,
  `id_usuario` int(11) DEFAULT NULL,
  `num_fact` varchar(8) COLLATE utf8_spanish2_ci NOT NULL,
  `num_control` varchar(11) COLLATE utf8_spanish2_ci NOT NULL,
  `sub_total` double NOT NULL,
  `exento` double NOT NULL,
  `big` double NOT NULL,
  `iva` double NOT NULL,
  `total` double NOT NULL,
  `fecha` date NOT NULL,
  `observaciones` varchar(100) COLLATE utf8_spanish2_ci NOT NULL,
  PRIMARY KEY (`id`),
  KEY `fk_t_factura_t_cliente1_idx` (`id_cliente`),
  KEY `fk_t_factura_t_usuario1_idx` (`id_usuario`)
) ENGINE=InnoDB  DEFAULT CHARSET=utf8 COLLATE=utf8_spanish2_ci AUTO_INCREMENT=755 ;

--
-- Volcado de datos para la tabla `t_factura`
--

INSERT INTO `t_factura` (`id`, `id_cliente`, `id_usuario`, `num_fact`, `num_control`, `sub_total`, `exento`, `big`, `iva`, `total`, `fecha`, `observaciones`) VALUES
(39, 17, NULL, '00000001', '00-00000001', 0, 0, 0, 0, 0, '2015-05-15', ''),
(40, 19, NULL, '00000001', '00-00000001', 0, 0, 0, 0, 0, '2015-05-15', ''),
(41, 23, NULL, '00000009', '00000009', 0, 0, 0, 0, 100, '2015-05-16', ''),
(42, 24, NULL, '00000017', '00000017', 0, 0, 0, 0, 100, '2015-05-16', ''),
(43, 25, NULL, '00000025', '00000025', 0, 0, 0, 0, 100, '2015-05-16', ''),
(44, 26, NULL, '00000033', '00000033', 0, 0, 0, 0, 100, '2015-05-16', ''),
(45, 26, NULL, '00000041', '00000041', 0, 0, 0, 0, 100, '2015-05-16', ''),
(46, 26, NULL, '00000049', '00000049', 0, 0, 0, 0, 100, '2015-05-16', ''),
(47, 27, NULL, '00000057', '00000057', 0, 0, 0, 0, 100, '2015-05-16', ''),
(48, 28, NULL, '00000065', '00000065', 0, 0, 0, 0, 100, '2015-05-16', ''),
(49, 29, NULL, '00000073', '00000073', 0, 0, 0, 0, 100, '2015-05-16', ''),
(50, 30, NULL, '00000081', '00000081', 0, 0, 0, 0, 100, '2015-05-16', ''),
(51, 30, NULL, '00000089', '00000089', 0, 0, 0, 0, 100, '2015-05-16', ''),
(57, 10, NULL, '00000137', '00000137', 0, 0, 0, 0, 100, '2015-05-16', ''),
(58, 10, NULL, '00000145', '00000145', 0, 0, 0, 0, 100, '2015-05-16', ''),
(59, 10, NULL, '00000153', '00000153', 0, 0, 0, 0, 100, '2015-05-16', ''),
(60, 10, NULL, '00000161', '00000161', 0, 0, 0, 0, 100, '2015-05-16', ''),
(61, 10, NULL, '00000169', '00000169', 0, 0, 0, 0, 100, '2015-05-16', ''),
(62, 10, NULL, '00000177', '00000177', 0, 0, 0, 0, 100, '2015-05-16', ''),
(63, 10, NULL, '00000185', '00000185', 0, 0, 0, 0, 100, '2015-05-16', ''),
(64, 10, NULL, '00000193', '00000193', 0, 0, 0, 0, 100, '2015-05-16', ''),
(65, 1, NULL, '00000201', '00000201', 0, 0, 0, 0, 100, '2015-05-16', ''),
(66, 11, NULL, '00000209', '00000209', 0, 0, 0, 0, 100, '2015-05-16', ''),
(67, 11, NULL, '00000217', '00000217', 0, 0, 0, 0, 100, '2015-05-16', ''),
(68, 11, NULL, '00000225', '00000225', 0, 0, 0, 0, 100, '2015-05-16', ''),
(69, 11, NULL, '00000233', '00000233', 0, 0, 0, 0, 100, '2015-05-16', ''),
(70, 11, NULL, '00000241', '00000241', 0, 0, 0, 0, 100, '2015-05-16', ''),
(71, 11, NULL, '00000249', '00000249', 0, 0, 0, 0, 100, '2015-05-16', ''),
(72, 10, NULL, '00000257', '00000257', 0, 0, 0, 0, 100, '2015-05-16', ''),
(73, 16, NULL, '00000265', '00000265', 0, 0, 0, 0, 100, '2015-05-16', ''),
(74, 16, NULL, '00000273', '00000273', 0, 0, 0, 0, 100, '2015-05-16', ''),
(75, 16, NULL, '00000281', '00000281', 0, 0, 0, 0, 100, '2015-05-16', ''),
(76, 16, NULL, '00000289', '00000289', 0, 0, 0, 0, 100, '2015-05-16', ''),
(77, 16, NULL, '00000297', '00000297', 0, 0, 0, 0, 100, '2015-05-16', ''),
(78, 16, NULL, '00000305', '00000305', 0, 0, 0, 0, 100, '2015-05-16', ''),
(79, 16, NULL, '00000313', '00000313', 0, 0, 0, 0, 100, '2015-05-16', ''),
(80, 16, NULL, '00000321', '00000321', 0, 0, 0, 0, 100, '2015-05-16', ''),
(81, 16, NULL, '00000329', '00000329', 0, 0, 0, 0, 100, '2015-05-16', ''),
(82, 16, NULL, '00000337', '00000337', 0, 0, 0, 0, 100, '2015-05-16', ''),
(83, 16, NULL, '00000345', '00000345', 0, 0, 0, 0, 100, '2015-05-16', ''),
(84, 16, NULL, '00000353', '00000353', 0, 0, 0, 0, 100, '2015-05-16', ''),
(85, 16, NULL, '00000361', '00000361', 0, 0, 0, 0, 100, '2015-05-16', ''),
(86, 16, NULL, '00000369', '00000369', 0, 0, 0, 0, 100, '2015-05-16', ''),
(87, 16, NULL, '00000377', '00000377', 0, 0, 0, 0, 100, '2015-05-16', ''),
(88, 16, NULL, '00000385', '00000385', 0, 0, 0, 0, 100, '2015-05-16', ''),
(89, 16, NULL, '00000393', '00000393', 0, 0, 0, 0, 100, '2015-05-16', ''),
(90, 16, NULL, '00000401', '00000401', 0, 0, 0, 0, 100, '2015-05-16', ''),
(91, 16, NULL, '00000409', '00000409', 0, 0, 0, 0, 100, '2015-05-16', ''),
(92, 16, NULL, '00000417', '00000417', 0, 0, 0, 0, 100, '2015-05-16', ''),
(93, 16, NULL, '00000425', '00000425', 0, 0, 0, 0, 100, '2015-05-16', ''),
(94, 16, NULL, '00000433', '00000433', 0, 0, 0, 0, 100, '2015-05-16', ''),
(95, 16, NULL, '00000441', '00000441', 0, 0, 0, 0, 100, '2015-05-16', ''),
(96, 16, NULL, '00000449', '00000449', 0, 0, 0, 0, 100, '2015-05-16', ''),
(97, 16, NULL, '00000457', '00000457', 0, 0, 0, 0, 100, '2015-05-16', ''),
(98, 16, NULL, '00000465', '00000465', 0, 0, 0, 0, 100, '2015-05-16', ''),
(99, 16, NULL, '00000473', '00000473', 0, 0, 0, 0, 100, '2015-05-16', ''),
(100, 16, NULL, '00000481', '00000481', 0, 0, 0, 0, 100, '2015-05-16', ''),
(101, 16, NULL, '00000489', '00000489', 0, 0, 0, 0, 100, '2015-05-16', ''),
(102, 16, NULL, '00000497', '00000497', 0, 0, 0, 0, 100, '2015-05-16', ''),
(103, 16, NULL, '00000505', '00000505', 0, 0, 0, 0, 100, '2015-05-16', ''),
(104, 16, NULL, '00000513', '00000513', 0, 0, 0, 0, 100, '2015-05-16', ''),
(105, 16, NULL, '00000521', '00000521', 0, 0, 0, 0, 100, '2015-05-16', ''),
(106, 16, NULL, '00000529', '00000529', 0, 0, 0, 0, 100, '2015-05-16', ''),
(107, 16, NULL, '00000537', '00000537', 0, 0, 0, 0, 100, '2015-05-16', ''),
(108, 16, NULL, '00000545', '00000545', 0, 0, 0, 0, 100, '2015-05-16', ''),
(109, 16, NULL, '00000553', '00000553', 0, 0, 0, 0, 100, '2015-05-16', ''),
(110, 16, NULL, '00000561', '00000561', 0, 0, 0, 0, 100, '2015-05-16', ''),
(111, 16, NULL, '00000569', '00000569', 0, 0, 0, 0, 100, '2015-05-16', ''),
(112, 16, NULL, '00000577', '00000577', 0, 0, 0, 0, 100, '2015-05-16', ''),
(113, 16, NULL, '00000585', '00000585', 0, 0, 0, 0, 100, '2015-05-16', ''),
(114, 16, NULL, '00000593', '00000593', 0, 0, 0, 0, 100, '2015-05-16', ''),
(115, 16, NULL, '00000601', '00000601', 0, 0, 0, 0, 100, '2015-05-16', ''),
(116, 16, NULL, '00000609', '00000609', 0, 0, 0, 0, 100, '2015-05-16', ''),
(117, 16, NULL, '00000617', '00000617', 0, 0, 0, 0, 100, '2015-05-16', ''),
(118, 16, NULL, '00000625', '00000625', 0, 0, 0, 0, 100, '2015-05-16', ''),
(119, 1, NULL, '00000633', '00000633', 0, 0, 0, 0, 100, '2015-05-16', ''),
(120, 1, NULL, '00000641', '00000641', 0, 0, 0, 0, 100, '2015-05-16', ''),
(121, 18, NULL, '00000649', '00000649', 0, 0, 0, 0, 100, '2015-05-16', ''),
(122, 1, NULL, '00000657', '00000657', 0, 0, 0, 0, 100, '2015-05-16', ''),
(123, 10, NULL, '00000665', '00000665', 0, 0, 0, 0, 100, '2015-05-16', ''),
(124, 10, NULL, '00000673', '00000673', 0, 0, 0, 0, 100, '2015-05-16', ''),
(125, 10, NULL, '00000681', '00000681', 0, 0, 0, 0, 100, '2015-05-16', ''),
(126, 10, NULL, '00000689', '00000689', 0, 0, 0, 0, 100, '2015-05-16', ''),
(127, 10, NULL, '00000697', '00000697', 0, 0, 0, 0, 100, '2015-05-16', ''),
(128, 10, NULL, '00000705', '00000705', 0, 0, 0, 0, 100, '2015-05-16', ''),
(129, 10, NULL, '00000713', '00000713', 0, 0, 0, 0, 100, '2015-05-16', ''),
(130, 10, NULL, '00000721', '00000721', 0, 0, 0, 0, 100, '2015-05-16', ''),
(131, 10, NULL, '00000729', '00000729', 0, 0, 0, 0, 100, '2015-05-16', ''),
(132, 10, NULL, '00000737', '00000737', 0, 0, 0, 0, 100, '2015-05-16', ''),
(133, 10, NULL, '00000745', '00000745', 0, 0, 0, 0, 100, '2015-05-16', ''),
(134, 10, NULL, '00000753', '00000753', 0, 0, 0, 0, 100, '2015-05-16', ''),
(135, 10, NULL, '00000761', '00000761', 0, 0, 0, 0, 100, '2015-05-16', ''),
(136, 10, NULL, '00000769', '00000769', 0, 0, 0, 0, 100, '2015-05-16', ''),
(137, 10, NULL, '00000777', '00000777', 0, 0, 0, 0, 100, '2015-05-16', ''),
(138, 10, NULL, '00000785', '00000785', 0, 0, 0, 0, 100, '2015-05-16', ''),
(139, 10, NULL, '00000793', '00000793', 0, 0, 0, 0, 100, '2015-05-16', ''),
(140, 10, NULL, '00000801', '00000801', 0, 0, 0, 0, 100, '2015-05-16', ''),
(141, 10, NULL, '00000809', '00000809', 0, 0, 0, 0, 100, '2015-05-16', ''),
(142, 10, NULL, '00000817', '00000817', 0, 0, 0, 0, 100, '2015-05-16', ''),
(143, 10, NULL, '00000825', '00000825', 0, 0, 0, 0, 100, '2015-05-16', ''),
(144, 10, NULL, '00000833', '00000833', 0, 0, 0, 0, 100, '2015-05-16', ''),
(145, 10, NULL, '00000841', '00000841', 0, 0, 0, 0, 100, '2015-05-16', ''),
(146, 10, NULL, '00000849', '00000849', 0, 0, 0, 0, 100, '2015-05-16', ''),
(147, 10, NULL, '00000857', '00000857', 0, 0, 0, 0, 100, '2015-05-16', ''),
(148, 10, NULL, '00000865', '00000865', 0, 0, 0, 0, 100, '2015-05-16', ''),
(149, 10, NULL, '00000873', '00000873', 0, 0, 0, 0, 100, '2015-05-16', ''),
(150, 10, NULL, '00000881', '00000881', 0, 0, 0, 0, 100, '2015-05-16', ''),
(151, 10, NULL, '00000889', '00000889', 0, 0, 0, 0, 100, '2015-05-16', ''),
(152, 10, NULL, '00000897', '00000897', 0, 0, 0, 0, 100, '2015-05-16', ''),
(153, 10, NULL, '00000905', '00000905', 0, 0, 0, 0, 100, '2015-05-16', ''),
(154, 10, NULL, '00000913', '00000913', 0, 0, 0, 0, 100, '2015-05-16', ''),
(155, 10, NULL, '00000921', '00000921', 0, 0, 0, 0, 100, '2015-05-16', ''),
(156, 10, NULL, '00000929', '00000929', 0, 0, 0, 0, 100, '2015-05-16', ''),
(157, 10, NULL, '00000937', '00000937', 0, 0, 0, 0, 100, '2015-05-16', ''),
(158, 10, NULL, '00000945', '00000945', 0, 0, 0, 0, 100, '2015-05-16', ''),
(159, 10, NULL, '00000953', '00000953', 0, 0, 0, 0, 100, '2015-05-16', ''),
(160, 10, NULL, '00000961', '00000961', 0, 0, 0, 0, 100, '2015-05-16', ''),
(161, 10, NULL, '00000969', '00000969', 0, 0, 0, 0, 100, '2015-05-16', ''),
(162, 10, NULL, '00000977', '00000977', 0, 0, 0, 0, 100, '2015-05-16', ''),
(163, 10, NULL, '00000985', '00000985', 0, 0, 0, 0, 100, '2015-05-16', ''),
(164, 10, NULL, '00000993', '00000993', 0, 0, 0, 0, 100, '2015-05-16', ''),
(165, 10, NULL, '00001001', '00001001', 0, 0, 0, 0, 100, '2015-05-16', ''),
(166, 10, NULL, '00001009', '00001009', 0, 0, 0, 0, 100, '2015-05-16', ''),
(167, 10, NULL, '00001017', '00001017', 0, 0, 0, 0, 100, '2015-05-16', ''),
(168, 10, NULL, '00001025', '00001025', 0, 0, 0, 0, 100, '2015-05-16', ''),
(169, 10, NULL, '00001033', '00001033', 0, 0, 0, 0, 100, '2015-05-16', ''),
(170, 10, NULL, '00001041', '00001041', 0, 0, 0, 0, 100, '2015-05-16', ''),
(171, 10, NULL, '00001049', '00001049', 0, 0, 0, 0, 100, '2015-05-16', ''),
(172, 10, NULL, '00001057', '00001057', 0, 0, 0, 0, 100, '2015-05-16', ''),
(173, 10, NULL, '00001065', '00001065', 0, 0, 0, 0, 100, '2015-05-16', ''),
(174, 10, NULL, '00001073', '00001073', 0, 0, 0, 0, 100, '2015-05-16', ''),
(175, 10, NULL, '00001081', '00001081', 0, 0, 0, 0, 100, '2015-05-16', ''),
(176, 10, NULL, '00001089', '00001089', 0, 0, 0, 0, 100, '2015-05-16', ''),
(177, 10, NULL, '00001097', '00001097', 0, 0, 0, 0, 100, '2015-05-16', ''),
(178, 10, NULL, '00001105', '00001105', 0, 0, 0, 0, 100, '2015-05-16', ''),
(179, 10, NULL, '00001113', '00001113', 0, 0, 0, 0, 100, '2015-05-16', ''),
(180, 10, NULL, '00001121', '00001121', 0, 0, 0, 0, 100, '2015-05-16', ''),
(181, 10, NULL, '00001129', '00001129', 0, 0, 0, 0, 100, '2015-05-16', ''),
(182, 10, NULL, '00001137', '00001137', 0, 0, 0, 0, 100, '2015-05-16', ''),
(183, 10, NULL, '00001145', '00001145', 0, 0, 0, 0, 100, '2015-05-16', ''),
(184, 10, NULL, '00001153', '00001153', 0, 0, 0, 0, 100, '2015-05-16', ''),
(185, 10, NULL, '00001161', '00001161', 0, 0, 0, 0, 100, '2015-05-16', ''),
(186, 10, NULL, '00001169', '00001169', 0, 0, 0, 0, 100, '2015-05-16', ''),
(187, 10, NULL, '00001177', '00001177', 0, 0, 0, 0, 100, '2015-05-16', ''),
(188, 10, NULL, '00001185', '00001185', 0, 0, 0, 0, 100, '2015-05-16', ''),
(189, 10, NULL, '00001193', '00001193', 0, 0, 0, 0, 100, '2015-05-16', ''),
(190, 10, NULL, '00001201', '00001201', 0, 0, 0, 0, 100, '2015-05-16', ''),
(191, 10, NULL, '00001209', '00001209', 0, 0, 0, 0, 100, '2015-05-16', ''),
(192, 10, NULL, '00001217', '00001217', 0, 0, 0, 0, 100, '2015-05-16', ''),
(193, 10, NULL, '00001225', '00001225', 0, 0, 0, 0, 100, '2015-05-16', ''),
(194, 10, NULL, '00001233', '00001233', 0, 0, 0, 0, 100, '2015-05-16', ''),
(195, 10, NULL, '00001241', '00001241', 0, 0, 0, 0, 100, '2015-05-16', ''),
(196, 10, NULL, '00001249', '00001249', 0, 0, 0, 0, 100, '2015-05-16', ''),
(284, 10, NULL, '00001953', '00001953', 0, 0, 0, 0, 100, '2015-05-16', ''),
(285, 10, NULL, '00001961', '00001961', 0, 0, 0, 0, 100, '2015-05-16', ''),
(286, 10, NULL, '00001969', '00001969', 0, 0, 0, 0, 100, '2015-05-16', ''),
(287, 10, NULL, '00001977', '00001977', 0, 0, 0, 0, 100, '2015-05-16', ''),
(288, 10, NULL, '00001985', '00001985', 0, 0, 0, 0, 100, '2015-05-16', ''),
(289, 10, NULL, '00001993', '00001993', 0, 0, 0, 0, 100, '2015-05-16', ''),
(290, 10, NULL, '00002001', '00002001', 0, 0, 0, 0, 100, '2015-05-16', ''),
(291, 10, NULL, '00002009', '00002009', 0, 0, 0, 0, 100, '2015-05-16', ''),
(292, 10, NULL, '00002017', '00002017', 0, 0, 0, 0, 100, '2015-05-16', ''),
(293, 10, NULL, '00002025', '00002025', 0, 0, 0, 0, 100, '2015-05-16', ''),
(294, 10, NULL, '00002033', '00002033', 0, 0, 0, 0, 100, '2015-05-16', ''),
(295, 10, NULL, '00002041', '00002041', 0, 0, 0, 0, 100, '2015-05-16', ''),
(296, 10, NULL, '00002049', '00002049', 0, 0, 0, 0, 100, '2015-05-16', ''),
(297, 10, NULL, '00002057', '00002057', 0, 0, 0, 0, 100, '2015-05-16', ''),
(298, 10, NULL, '00002065', '00002065', 0, 0, 0, 0, 100, '2015-05-16', ''),
(299, 10, NULL, '00002073', '00002073', 0, 0, 0, 0, 100, '2015-05-16', ''),
(300, 10, NULL, '00002081', '00002081', 0, 0, 0, 0, 100, '2015-05-16', ''),
(301, 10, NULL, '00002089', '00002089', 0, 0, 0, 0, 100, '2015-05-16', ''),
(302, 10, NULL, '00002097', '00002097', 0, 0, 0, 0, 100, '2015-05-16', ''),
(303, 10, NULL, '00002105', '00002105', 0, 0, 0, 0, 100, '2015-05-16', ''),
(304, 10, NULL, '00002113', '00002113', 0, 0, 0, 0, 100, '2015-05-16', ''),
(305, 10, NULL, '00002121', '00002121', 0, 0, 0, 0, 100, '2015-05-16', ''),
(306, 10, NULL, '00002129', '00002129', 0, 0, 0, 0, 100, '2015-05-16', ''),
(307, 10, NULL, '00002137', '00002137', 0, 0, 0, 0, 100, '2015-05-16', ''),
(308, 10, NULL, '00002145', '00002145', 0, 0, 0, 0, 100, '2015-05-16', ''),
(309, 10, NULL, '00002153', '00002153', 0, 0, 0, 0, 100, '2015-05-16', ''),
(310, 10, NULL, '00002161', '00002161', 0, 0, 0, 0, 100, '2015-05-16', ''),
(311, 10, NULL, '00002169', '00002169', 0, 0, 0, 0, 100, '2015-05-16', ''),
(312, 10, NULL, '00002177', '00002177', 0, 0, 0, 0, 100, '2015-05-16', ''),
(313, 10, NULL, '00002185', '00002185', 0, 0, 0, 0, 100, '2015-05-16', ''),
(314, 10, NULL, '00002193', '00002193', 0, 0, 0, 0, 100, '2015-05-16', ''),
(315, 10, NULL, '00002201', '00002201', 0, 0, 0, 0, 100, '2015-05-16', ''),
(316, 10, NULL, '00002209', '00002209', 0, 0, 0, 0, 100, '2015-05-16', ''),
(317, 10, NULL, '00002217', '00002217', 0, 0, 0, 0, 100, '2015-05-16', ''),
(318, 10, NULL, '00002225', '00002225', 0, 0, 0, 0, 100, '2015-05-16', ''),
(319, 10, NULL, '00002233', '00002233', 0, 0, 0, 0, 100, '2015-05-16', ''),
(320, 10, NULL, '00002241', '00002241', 0, 0, 0, 0, 100, '2015-05-16', ''),
(321, 10, NULL, '00002249', '00002249', 0, 0, 0, 0, 100, '2015-05-16', ''),
(322, 10, NULL, '00002257', '00002257', 0, 0, 0, 0, 100, '2015-05-16', ''),
(323, 10, NULL, '00002265', '00002265', 0, 0, 0, 0, 100, '2015-05-16', ''),
(324, 10, NULL, '00002273', '00002273', 0, 0, 0, 0, 100, '2015-05-16', ''),
(325, 10, NULL, '00002281', '00002281', 0, 0, 0, 0, 100, '2015-05-16', ''),
(326, 10, NULL, '00002289', '00002289', 0, 0, 0, 0, 100, '2015-05-16', ''),
(327, 10, NULL, '00002297', '00002297', 0, 0, 0, 0, 100, '2015-05-16', ''),
(328, 10, NULL, '00002305', '00002305', 0, 0, 0, 0, 100, '2015-05-16', ''),
(329, 10, NULL, '00002313', '00002313', 0, 0, 0, 0, 100, '2015-05-16', ''),
(330, 10, NULL, '00002321', '00002321', 0, 0, 0, 0, 100, '2015-05-16', ''),
(331, 10, NULL, '00002329', '00002329', 0, 0, 0, 0, 100, '2015-05-16', ''),
(332, 10, NULL, '00002337', '00002337', 0, 0, 0, 0, 100, '2015-05-16', ''),
(333, 10, NULL, '00002345', '00002345', 0, 0, 0, 0, 100, '2015-05-16', ''),
(334, 10, NULL, '00002353', '00002353', 0, 0, 0, 0, 100, '2015-05-16', ''),
(335, 10, NULL, '00002361', '00002361', 0, 0, 0, 0, 100, '2015-05-16', ''),
(336, 10, NULL, '00002369', '00002369', 0, 0, 0, 0, 100, '2015-05-16', ''),
(337, 10, NULL, '00002377', '00002377', 0, 0, 0, 0, 100, '2015-05-16', ''),
(338, 10, NULL, '00002385', '00002385', 0, 0, 0, 0, 100, '2015-05-16', ''),
(339, 10, NULL, '00002393', '00002393', 0, 0, 0, 0, 100, '2015-05-16', ''),
(340, 10, NULL, '00002401', '00002401', 0, 0, 0, 0, 100, '2015-05-16', ''),
(341, 10, NULL, '00002409', '00002409', 0, 0, 0, 0, 100, '2015-05-16', ''),
(342, 10, NULL, '00002417', '00002417', 0, 0, 0, 0, 100, '2015-05-16', ''),
(343, 10, NULL, '00002425', '00002425', 0, 0, 0, 0, 100, '2015-05-16', ''),
(344, 10, NULL, '00002433', '00002433', 0, 0, 0, 0, 100, '2015-05-16', ''),
(345, 10, NULL, '00002441', '00002441', 0, 0, 0, 0, 100, '2015-05-16', ''),
(346, 10, NULL, '00002449', '00002449', 0, 0, 0, 0, 100, '2015-05-16', ''),
(347, 10, NULL, '00002457', '00002457', 0, 0, 0, 0, 100, '2015-05-16', ''),
(348, 10, NULL, '00002465', '00002465', 0, 0, 0, 0, 100, '2015-05-16', ''),
(349, 10, NULL, '00002473', '00002473', 0, 0, 0, 0, 100, '2015-05-16', ''),
(350, 10, NULL, '00002481', '00002481', 0, 0, 0, 0, 100, '2015-05-16', ''),
(351, 10, NULL, '00002489', '00002489', 0, 0, 0, 0, 100, '2015-05-16', ''),
(352, 10, NULL, '00002497', '00002497', 0, 0, 0, 0, 100, '2015-05-16', ''),
(353, 10, NULL, '00002505', '00002505', 0, 0, 0, 0, 100, '2015-05-16', ''),
(354, 10, NULL, '00002513', '00002513', 0, 0, 0, 0, 100, '2015-05-16', ''),
(355, 10, NULL, '00002521', '00002521', 0, 0, 0, 0, 100, '2015-05-16', ''),
(356, 10, NULL, '00002529', '00002529', 0, 0, 0, 0, 100, '2015-05-16', ''),
(357, 10, NULL, '00002537', '00002537', 0, 0, 0, 0, 100, '2015-05-16', ''),
(358, 10, NULL, '00002545', '00002545', 0, 0, 0, 0, 100, '2015-05-16', ''),
(359, 10, NULL, '00002553', '00002553', 0, 0, 0, 0, 100, '2015-05-16', ''),
(360, 10, NULL, '00002561', '00002561', 0, 0, 0, 0, 100, '2015-05-16', ''),
(361, 10, NULL, '00002569', '00002569', 0, 0, 0, 0, 100, '2015-05-16', ''),
(362, 10, NULL, '00002577', '00002577', 0, 0, 0, 0, 100, '2015-05-16', ''),
(363, 10, NULL, '00002585', '00002585', 0, 0, 0, 0, 100, '2015-05-16', ''),
(364, 10, NULL, '00002593', '00002593', 0, 0, 0, 0, 100, '2015-05-16', ''),
(365, 10, NULL, '00002601', '00002601', 0, 0, 0, 0, 100, '2015-05-16', ''),
(366, 10, NULL, '00002609', '00002609', 0, 0, 0, 0, 100, '2015-05-16', ''),
(367, 10, NULL, '00002617', '00002617', 0, 0, 0, 0, 100, '2015-05-16', ''),
(368, 10, NULL, '00002625', '00002625', 0, 0, 0, 0, 100, '2015-05-16', ''),
(369, 10, NULL, '00002633', '00002633', 0, 0, 0, 0, 100, '2015-05-16', ''),
(370, 10, NULL, '00002641', '00002641', 0, 0, 0, 0, 100, '2015-05-16', ''),
(371, 10, NULL, '00002649', '00002649', 0, 0, 0, 0, 100, '2015-05-16', ''),
(372, 10, NULL, '00002657', '00002657', 0, 0, 0, 0, 100, '2015-05-16', ''),
(373, 10, NULL, '00002665', '00002665', 0, 0, 0, 0, 100, '2015-05-16', ''),
(374, 10, NULL, '00002673', '00002673', 0, 0, 0, 0, 100, '2015-05-16', ''),
(375, 10, NULL, '00002681', '00002681', 0, 0, 0, 0, 100, '2015-05-16', ''),
(376, 10, NULL, '00002689', '00002689', 0, 0, 0, 0, 100, '2015-05-16', ''),
(377, 10, NULL, '00002697', '00002697', 0, 0, 0, 0, 100, '2015-05-16', ''),
(378, 10, NULL, '00002705', '00002705', 0, 0, 0, 0, 100, '2015-05-16', ''),
(379, 10, NULL, '00002713', '00002713', 0, 0, 0, 0, 100, '2015-05-16', ''),
(380, 10, NULL, '00002721', '00002721', 0, 0, 0, 0, 100, '2015-05-16', ''),
(381, 10, NULL, '00002729', '00002729', 0, 0, 0, 0, 100, '2015-05-16', ''),
(382, 1, NULL, '00002737', '00002737', 0, 0, 0, 0, 100, '2015-05-16', ''),
(383, 1, NULL, '00002745', '00002745', 0, 0, 0, 0, 100, '2015-05-16', ''),
(384, 1, NULL, '00002753', '00002753', 0, 0, 0, 0, 100, '2015-05-16', ''),
(385, 1, NULL, '00002761', '00002761', 0, 0, 0, 0, 100, '2015-05-16', ''),
(386, 1, NULL, '00002769', '00002769', 0, 0, 0, 0, 100, '2015-05-16', ''),
(387, 1, NULL, '00002777', '00002777', 0, 0, 0, 0, 100, '2015-05-16', ''),
(388, 1, NULL, '00002785', '00002785', 0, 0, 0, 0, 100, '2015-05-16', ''),
(389, 1, NULL, '00002793', '00002793', 0, 0, 0, 0, 100, '2015-05-16', ''),
(390, 1, NULL, '00002801', '00002801', 0, 0, 0, 0, 100, '2015-05-16', ''),
(391, 1, NULL, '00002809', '00002809', 0, 0, 0, 0, 100, '2015-05-16', ''),
(392, 1, NULL, '00002817', '00002817', 0, 0, 0, 0, 100, '2015-05-16', ''),
(393, 1, NULL, '00002825', '00002825', 0, 0, 0, 0, 100, '2015-05-16', ''),
(394, 1, NULL, '00002833', '00002833', 0, 0, 0, 0, 100, '2015-05-16', ''),
(395, 1, NULL, '00002841', '00002841', 0, 0, 0, 0, 100, '2015-05-16', ''),
(396, 1, NULL, '00002849', '00002849', 0, 0, 0, 0, 100, '2015-05-16', ''),
(397, 1, NULL, '00002857', '00002857', 0, 0, 0, 0, 100, '2015-05-16', ''),
(398, 1, NULL, '00002865', '00002865', 0, 0, 0, 0, 100, '2015-05-16', ''),
(399, 1, NULL, '00002873', '00002873', 0, 0, 0, 0, 100, '2015-05-16', ''),
(400, 1, NULL, '00002881', '00002881', 0, 0, 0, 0, 100, '2015-05-16', ''),
(401, 1, NULL, '00002889', '00002889', 0, 0, 0, 0, 100, '2015-05-16', ''),
(402, 1, NULL, '00002897', '00002897', 0, 0, 0, 0, 100, '2015-05-16', ''),
(403, 1, NULL, '00002905', '00002905', 0, 0, 0, 0, 100, '2015-05-16', ''),
(404, 1, NULL, '00002913', '00002913', 0, 0, 0, 0, 100, '2015-05-16', ''),
(405, 1, NULL, '00002921', '00002921', 0, 0, 0, 0, 100, '2015-05-16', ''),
(406, 1, NULL, '00002929', '00002929', 0, 0, 0, 0, 100, '2015-05-16', ''),
(407, 1, NULL, '00002937', '00002937', 0, 0, 0, 0, 100, '2015-05-16', ''),
(408, 1, NULL, '00002945', '00002945', 0, 0, 0, 0, 100, '2015-05-16', ''),
(409, 1, NULL, '00002953', '00002953', 0, 0, 0, 0, 100, '2015-05-16', ''),
(410, 1, NULL, '00002961', '00002961', 0, 0, 0, 0, 100, '2015-05-16', ''),
(411, 1, NULL, '00002969', '00002969', 0, 0, 0, 0, 100, '2015-05-16', ''),
(412, 1, NULL, '00002977', '00002977', 0, 0, 0, 0, 100, '2015-05-16', ''),
(413, 1, NULL, '00002985', '00002985', 0, 0, 0, 0, 100, '2015-05-16', ''),
(414, 1, NULL, '00002993', '00002993', 0, 0, 0, 0, 100, '2015-05-16', ''),
(415, 1, NULL, '00003001', '00003001', 0, 0, 0, 0, 100, '2015-05-16', ''),
(416, 1, NULL, '00003009', '00003009', 0, 0, 0, 0, 100, '2015-05-16', ''),
(417, 1, NULL, '00003017', '00003017', 0, 0, 0, 0, 100, '2015-05-16', ''),
(418, 1, NULL, '00003025', '00003025', 0, 0, 0, 0, 100, '2015-05-16', ''),
(419, 1, NULL, '00003033', '00003033', 0, 0, 0, 0, 100, '2015-05-16', ''),
(420, 1, NULL, '00003041', '00003041', 0, 0, 0, 0, 100, '2015-05-16', ''),
(421, 1, NULL, '00003049', '00003049', 0, 0, 0, 0, 100, '2015-05-16', ''),
(422, 1, NULL, '00003057', '00003057', 0, 0, 0, 0, 100, '2015-05-16', ''),
(423, 1, NULL, '00003065', '00003065', 0, 0, 0, 0, 100, '2015-05-16', ''),
(424, 1, NULL, '00003073', '00003073', 0, 0, 0, 0, 100, '2015-05-16', ''),
(425, 1, NULL, '00003081', '00003081', 0, 0, 0, 0, 100, '2015-05-16', ''),
(426, 1, NULL, '00003089', '00003089', 0, 0, 0, 0, 100, '2015-05-16', ''),
(427, 1, NULL, '00003097', '00003097', 0, 0, 0, 0, 100, '2015-05-16', ''),
(428, 1, NULL, '00003105', '00003105', 0, 0, 0, 0, 100, '2015-05-16', ''),
(429, 1, NULL, '00003113', '00003113', 0, 0, 0, 0, 100, '2015-05-16', ''),
(430, 1, NULL, '00003121', '00003121', 0, 0, 0, 0, 100, '2015-05-16', ''),
(431, 1, NULL, '00003129', '00003129', 0, 0, 0, 0, 100, '2015-05-16', ''),
(432, 1, NULL, '00003137', '00003137', 0, 0, 0, 0, 100, '2015-05-16', ''),
(433, 1, NULL, '00003145', '00003145', 0, 0, 0, 0, 100, '2015-05-16', ''),
(434, 1, NULL, '00003153', '00003153', 0, 0, 0, 0, 100, '2015-05-16', ''),
(435, 1, NULL, '00003161', '00003161', 0, 0, 0, 0, 100, '2015-05-16', ''),
(436, 1, NULL, '00003169', '00003169', 0, 0, 0, 0, 100, '2015-05-16', ''),
(437, 1, NULL, '00003177', '00003177', 0, 0, 0, 0, 100, '2015-05-16', ''),
(438, 1, NULL, '00003185', '00003185', 0, 0, 0, 0, 100, '2015-05-16', ''),
(439, 1, NULL, '00003193', '00003193', 0, 0, 0, 0, 100, '2015-05-16', ''),
(440, 1, NULL, '00003201', '00003201', 0, 0, 0, 0, 100, '2015-05-16', ''),
(441, 1, NULL, '00003209', '00003209', 0, 0, 0, 0, 100, '2015-05-16', ''),
(442, 1, NULL, '00003217', '00003217', 0, 0, 0, 0, 100, '2015-05-16', ''),
(443, 1, NULL, '00003225', '00003225', 0, 0, 0, 0, 100, '2015-05-16', ''),
(444, 1, NULL, '00003233', '00003233', 0, 0, 0, 0, 100, '2015-05-16', ''),
(445, 1, NULL, '00003241', '00003241', 0, 0, 0, 0, 100, '2015-05-16', ''),
(446, 10, NULL, '00003249', '00003249', 0, 0, 0, 0, 100, '2015-05-16', ''),
(447, 1, NULL, '00003257', '00003257', 0, 0, 0, 0, 100, '2015-05-16', ''),
(448, 1, NULL, '00003265', '00003265', 0, 0, 0, 0, 100, '2015-05-16', ''),
(449, 1, NULL, '00003273', '00003273', 0, 0, 0, 0, 100, '2015-05-16', ''),
(450, 1, NULL, '00003281', '00003281', 0, 0, 0, 0, 100, '2015-05-16', ''),
(451, 1, NULL, '00003289', '00003289', 0, 0, 0, 0, 100, '2015-05-16', ''),
(452, 10, NULL, '00003297', '00003297', 0, 0, 0, 0, 100, '2015-05-16', ''),
(453, 10, NULL, '00003305', '00003305', 0, 0, 0, 0, 100, '2015-05-16', ''),
(454, 10, NULL, '00003313', '00003313', 0, 0, 0, 0, 100, '2015-05-16', ''),
(455, 10, NULL, '00003321', '00003321', 0, 0, 0, 0, 100, '2015-05-16', ''),
(456, 10, NULL, '00003329', '00003329', 0, 0, 0, 0, 100, '2015-05-16', ''),
(457, 10, NULL, '00003337', '00003337', 0, 0, 0, 0, 100, '2015-05-16', ''),
(458, 10, NULL, '00003345', '00003345', 0, 0, 0, 0, 100, '2015-05-16', ''),
(459, 10, NULL, '00003353', '00003353', 0, 0, 0, 0, 100, '2015-05-16', ''),
(460, 10, NULL, '00003361', '00003361', 0, 0, 0, 0, 100, '2015-05-16', ''),
(461, 10, NULL, '00003369', '00003369', 0, 0, 0, 0, 100, '2015-05-16', ''),
(462, 10, NULL, '00003377', '00003377', 0, 0, 0, 0, 100, '2015-05-16', ''),
(463, 10, NULL, '00003385', '00003385', 0, 0, 0, 0, 100, '2015-05-16', ''),
(464, 10, NULL, '00003393', '00003393', 0, 0, 0, 0, 100, '2015-05-16', ''),
(465, 10, NULL, '00003401', '00003401', 0, 0, 0, 0, 100, '2015-05-16', ''),
(466, 10, NULL, '00003409', '00003409', 0, 0, 0, 0, 100, '2015-05-16', ''),
(467, 10, NULL, '00003417', '00003417', 0, 0, 0, 0, 100, '2015-05-16', ''),
(468, 10, NULL, '00003425', '00003425', 0, 0, 0, 0, 100, '2015-05-16', ''),
(469, 10, NULL, '00003433', '00003433', 0, 0, 0, 0, 100, '2015-05-16', ''),
(470, 10, NULL, '00003441', '00003441', 0, 0, 0, 0, 100, '2015-05-16', ''),
(471, 10, NULL, '00003449', '00003449', 0, 0, 0, 0, 100, '2015-05-16', ''),
(472, 10, NULL, '00003457', '00003457', 0, 0, 0, 0, 100, '2015-05-16', ''),
(473, 10, NULL, '00003465', '00003465', 0, 0, 0, 0, 100, '2015-05-16', ''),
(474, 10, NULL, '00003473', '00003473', 0, 0, 0, 0, 100, '2015-05-16', ''),
(475, 10, NULL, '00003481', '00003481', 0, 0, 0, 0, 100, '2015-05-16', ''),
(476, 10, NULL, '00003489', '00003489', 0, 0, 0, 0, 100, '2015-05-16', ''),
(477, 10, NULL, '00003497', '00003497', 0, 0, 0, 0, 100, '2015-05-16', ''),
(478, 10, NULL, '00003505', '00003505', 0, 0, 0, 0, 100, '2015-05-16', ''),
(479, 10, NULL, '00003513', '00003513', 0, 0, 0, 0, 100, '2015-05-16', ''),
(480, 10, NULL, '00003521', '00003521', 0, 0, 0, 0, 100, '2015-05-16', ''),
(481, 10, NULL, '00003529', '00003529', 0, 0, 0, 0, 100, '2015-05-16', ''),
(482, 10, NULL, '00003537', '00003537', 0, 0, 0, 0, 100, '2015-05-16', ''),
(483, 10, NULL, '00003545', '00003545', 0, 0, 0, 0, 100, '2015-05-16', ''),
(484, 10, NULL, '00003553', '00003553', 0, 0, 0, 0, 100, '2015-05-16', ''),
(485, 10, NULL, '00003561', '00003561', 0, 0, 0, 0, 100, '2015-05-16', ''),
(486, 10, NULL, '00003569', '00003569', 0, 0, 0, 0, 100, '2015-05-16', ''),
(487, 10, NULL, '00003577', '00003577', 0, 0, 0, 0, 100, '2015-05-16', ''),
(488, 10, NULL, '00003585', '00003585', 0, 0, 0, 0, 100, '2015-05-16', ''),
(489, 10, NULL, '00003593', '00003593', 0, 0, 0, 0, 100, '2015-05-16', ''),
(490, 11, NULL, '00003601', '00003601', 0, 0, 0, 0, 100, '2015-05-16', ''),
(491, 11, NULL, '00003609', '00003609', 0, 0, 0, 0, 100, '2015-05-16', ''),
(492, 11, NULL, '00003617', '00003617', 0, 0, 0, 0, 100, '2015-05-16', ''),
(493, 11, NULL, '00003625', '00003625', 0, 0, 0, 0, 100, '2015-05-16', ''),
(494, 11, NULL, '00003633', '00003633', 0, 0, 0, 0, 100, '2015-05-16', ''),
(495, 11, NULL, '00003641', '00003641', 0, 0, 0, 0, 100, '2015-05-16', ''),
(496, 11, NULL, '00003649', '00003649', 0, 0, 0, 0, 100, '2015-05-16', ''),
(497, 11, NULL, '00003657', '00003657', 0, 0, 0, 0, 100, '2015-05-16', ''),
(498, 11, NULL, '00003665', '00003665', 0, 0, 0, 0, 100, '2015-05-16', ''),
(499, 11, NULL, '00003673', '00003673', 0, 0, 0, 0, 100, '2015-05-16', ''),
(500, 11, NULL, '00003681', '00003681', 0, 0, 0, 0, 100, '2015-05-16', ''),
(501, 11, NULL, '00003689', '00003689', 0, 0, 0, 0, 100, '2015-05-16', ''),
(502, 11, NULL, '00003697', '00003697', 0, 0, 0, 0, 100, '2015-05-16', ''),
(503, 11, NULL, '00003705', '00003705', 0, 0, 0, 0, 100, '2015-05-16', ''),
(504, 11, NULL, '00003713', '00003713', 0, 0, 0, 0, 100, '2015-05-16', ''),
(505, 11, NULL, '00003721', '00003721', 0, 0, 0, 0, 100, '2015-05-16', ''),
(506, 11, NULL, '00003729', '00003729', 0, 0, 0, 0, 100, '2015-05-16', ''),
(507, 11, NULL, '00003737', '00003737', 0, 0, 0, 0, 100, '2015-05-16', ''),
(508, 11, NULL, '00003745', '00003745', 0, 0, 0, 0, 100, '2015-05-16', ''),
(509, 11, NULL, '00003753', '00003753', 0, 0, 0, 0, 100, '2015-05-16', ''),
(510, 11, NULL, '00003761', '00003761', 0, 0, 0, 0, 100, '2015-05-16', ''),
(511, 11, NULL, '00003769', '00003769', 0, 0, 0, 0, 100, '2015-05-16', ''),
(512, 11, NULL, '00003777', '00003777', 0, 0, 0, 0, 100, '2015-05-16', ''),
(513, 11, NULL, '00003785', '00003785', 0, 0, 0, 0, 100, '2015-05-16', ''),
(514, 11, NULL, '00003793', '00003793', 0, 0, 0, 0, 100, '2015-05-16', ''),
(515, 15, NULL, '00003801', '00003801', 0, 0, 0, 0, 100, '2015-05-16', ''),
(516, 1, NULL, '00003809', '00003809', 0, 0, 0, 0, 100, '2015-05-16', ''),
(517, 30, NULL, '00003817', '00003817', 0, 0, 0, 0, 100, '2015-05-16', ''),
(518, 30, NULL, '00003825', '00003825', 0, 0, 0, 0, 100, '2015-05-16', ''),
(519, 10, NULL, '00003833', '00003833', 0, 0, 0, 0, 100, '2015-05-16', ''),
(520, 10, NULL, '00003841', '00003841', 0, 0, 0, 0, 100, '2015-05-16', ''),
(521, 17, NULL, '00003849', '00003849', 0, 0, 0, 0, 100, '2015-05-16', ''),
(522, 10, NULL, '00003857', '00003857', 0, 0, 0, 0, 100, '2015-05-16', ''),
(523, 13, NULL, '00003865', '00003865', 0, 0, 0, 0, 100, '2015-05-16', ''),
(524, 13, NULL, '00003873', '00003873', 0, 0, 0, 0, 100, '2015-05-16', ''),
(525, 13, NULL, '00003881', '00003881', 0, 0, 0, 0, 100, '2015-05-16', ''),
(526, 13, NULL, '00003889', '00003889', 0, 0, 0, 0, 100, '2015-05-16', ''),
(527, 13, NULL, '00003897', '00003897', 0, 0, 0, 0, 100, '2015-05-16', ''),
(528, 16, NULL, '00003905', '00003905', 0, 0, 0, 0, 100, '2015-05-16', ''),
(529, 16, NULL, '00003913', '00003913', 0, 0, 0, 0, 100, '2015-05-16', ''),
(530, 16, NULL, '00003921', '00003921', 0, 0, 0, 0, 100, '2015-05-16', ''),
(531, 16, NULL, '00003929', '00003929', 0, 0, 0, 0, 100, '2015-05-16', ''),
(532, 16, NULL, '00003937', '00003937', 0, 0, 0, 0, 100, '2015-05-16', ''),
(533, 16, NULL, '00003945', '00003945', 0, 0, 0, 0, 100, '2015-05-16', ''),
(534, 16, NULL, '00003953', '00003953', 0, 0, 0, 0, 100, '2015-05-16', ''),
(535, 16, NULL, '00003961', '00003961', 0, 0, 0, 0, 100, '2015-05-16', ''),
(536, 16, NULL, '00003969', '00003969', 0, 0, 0, 0, 100, '2015-05-16', ''),
(537, 16, NULL, '00003977', '00003977', 0, 0, 0, 0, 100, '2015-05-16', ''),
(538, 16, NULL, '00003985', '00003985', 0, 0, 0, 0, 100, '2015-05-16', ''),
(539, 16, NULL, '00003993', '00003993', 0, 0, 0, 0, 100, '2015-05-16', ''),
(540, 16, NULL, '00004001', '00004001', 0, 0, 0, 0, 100, '2015-05-16', ''),
(541, 16, NULL, '00004009', '00004009', 0, 0, 0, 0, 100, '2015-05-16', ''),
(542, 16, NULL, '00004017', '00004017', 0, 0, 0, 0, 100, '2015-05-16', ''),
(543, 16, NULL, '00004025', '00004025', 0, 0, 0, 0, 100, '2015-05-16', ''),
(544, 16, NULL, '00004033', '00004033', 0, 0, 0, 0, 100, '2015-05-16', ''),
(545, 16, NULL, '00004041', '00004041', 0, 0, 0, 0, 100, '2015-05-16', ''),
(546, 16, NULL, '00004049', '00004049', 0, 0, 0, 0, 100, '2015-05-16', ''),
(547, 16, NULL, '00004057', '00004057', 0, 0, 0, 0, 100, '2015-05-16', ''),
(548, 16, NULL, '00004065', '00004065', 0, 0, 0, 0, 100, '2015-05-16', ''),
(549, 16, NULL, '00004073', '00004073', 0, 0, 0, 0, 100, '2015-05-16', ''),
(550, 16, NULL, '00004081', '00004081', 0, 0, 0, 0, 100, '2015-05-16', ''),
(551, 16, NULL, '00004089', '00004089', 0, 0, 0, 0, 100, '2015-05-16', ''),
(552, 16, NULL, '00004097', '00004097', 0, 0, 0, 0, 100, '2015-05-16', ''),
(553, 16, NULL, '00004105', '00004105', 0, 0, 0, 0, 100, '2015-05-16', ''),
(554, 16, NULL, '00004113', '00004113', 0, 0, 0, 0, 100, '2015-05-16', ''),
(555, 16, NULL, '00004121', '00004121', 0, 0, 0, 0, 100, '2015-05-16', ''),
(556, 16, NULL, '00004129', '00004129', 0, 0, 0, 0, 100, '2015-05-16', ''),
(557, 1, NULL, '00004137', '00004137', 0, 0, 0, 0, 100, '2015-05-16', ''),
(558, 1, NULL, '00004145', '00004145', 0, 0, 0, 0, 100, '2015-05-16', ''),
(559, 10, NULL, '00004153', '00004153', 0, 0, 0, 0, 100, '2015-05-16', ''),
(560, 1, NULL, '00004161', '00004161', 0, 0, 0, 0, 100, '2015-05-16', ''),
(561, 1, NULL, '00004169', '00004169', 0, 0, 0, 0, 100, '2015-05-16', ''),
(562, 11, NULL, '00004177', '00004177', 0, 0, 0, 0, 100, '2015-05-16', ''),
(563, 1, NULL, '00004185', '00004185', 0, 0, 0, 0, 100, '2015-05-16', ''),
(564, 10, NULL, '00004193', '00004193', 0, 0, 0, 0, 100, '2015-05-16', ''),
(565, 1, NULL, '00004201', '00004201', 0, 0, 0, 0, 100, '2015-05-16', ''),
(566, 13, NULL, '00004209', '00004209', 0, 0, 0, 0, 100, '2015-05-16', ''),
(567, 11, NULL, '00004217', '00004217', 0, 0, 0, 0, 100, '2015-05-16', ''),
(568, 11, NULL, '00004225', '00004225', 0, 0, 0, 0, 100, '2015-05-16', ''),
(569, 1, NULL, '00004233', '00004233', 0, 0, 0, 0, 100, '2015-05-16', ''),
(570, 10, NULL, '00004241', '00004241', 0, 0, 0, 0, 100, '2015-05-16', ''),
(571, 10, NULL, '00004249', '00004249', 0, 0, 0, 0, 100, '2015-05-16', ''),
(572, 10, NULL, '00004257', '00004257', 0, 0, 0, 0, 100, '2015-05-16', ''),
(573, 10, NULL, '00004265', '00004265', 0, 0, 0, 0, 100, '2015-05-16', ''),
(574, 12, NULL, '00004273', '00004273', 0, 0, 0, 0, 100, '2015-05-16', ''),
(575, 10, NULL, '00004281', '00004281', 0, 0, 0, 0, 100, '2015-05-16', ''),
(576, 10, NULL, '00004289', '00004289', 0, 0, 0, 0, 100, '2015-05-16', ''),
(577, 1, NULL, '00004297', '00004297', 0, 0, 0, 0, 100, '2015-05-16', ''),
(578, 1, NULL, '00004305', '00004305', 0, 0, 0, 0, 100, '2015-05-16', ''),
(579, 10, NULL, '00004313', '00004313', 0, 0, 0, 0, 100, '2015-05-16', ''),
(580, 1, NULL, '00004321', '00004321', 0, 0, 0, 0, 100, '2015-05-16', ''),
(581, 10, NULL, '00004329', '00004329', 0, 0, 0, 0, 100, '2015-05-17', ''),
(582, 10, NULL, '00004337', '00004337', 0, 0, 0, 0, 100, '2015-05-17', ''),
(583, 11, NULL, '00004345', '00004345', 0, 0, 0, 0, 100, '2015-05-17', ''),
(584, 10, NULL, '00004353', '00004353', 0, 0, 0, 0, 100, '2015-05-17', ''),
(585, 1, NULL, '00004361', '00004361', 0, 0, 0, 0, 100, '2015-05-17', ''),
(586, 10, NULL, '00004369', '00004369', 0, 0, 0, 0, 100, '2015-05-17', ''),
(587, 10, NULL, '00004377', '00004377', 0, 0, 0, 0, 100, '2015-05-17', ''),
(588, 10, NULL, '00004385', '00004385', 0, 0, 0, 0, 100, '2015-05-17', ''),
(589, 11, NULL, '00004393', '00004393', 0, 0, 0, 0, 100, '2015-05-17', ''),
(590, 11, NULL, '00004401', '00004401', 0, 0, 0, 0, 100, '2015-05-17', ''),
(591, 11, NULL, '00004409', '00004409', 0, 0, 0, 0, 100, '2015-05-17', ''),
(592, 11, NULL, '00004417', '00004417', 0, 0, 0, 0, 100, '2015-05-17', ''),
(593, 11, NULL, '00004425', '00004425', 0, 0, 0, 0, 100, '2015-05-17', ''),
(594, 11, NULL, '00004433', '00004433', 0, 0, 0, 0, 100, '2015-05-17', ''),
(595, 11, NULL, '00004441', '00004441', 0, 0, 0, 0, 100, '2015-05-17', ''),
(596, 10, NULL, '00004449', '00004449', 0, 0, 0, 0, 100, '2015-05-17', ''),
(597, 12, NULL, '00004457', '00004457', 0, 0, 0, 0, 100, '2015-05-17', ''),
(598, 10, NULL, '00004465', '00004465', 0, 0, 0, 0, 100, '2015-05-17', ''),
(599, 14, NULL, '00004473', '00004473', 0, 0, 0, 0, 100, '2015-05-17', ''),
(600, 11, NULL, '00004481', '00004481', 0, 0, 0, 0, 100, '2015-05-17', ''),
(601, 11, NULL, '00004489', '00004489', 0, 0, 0, 0, 100, '2015-05-17', ''),
(602, 11, NULL, '00004497', '00004497', 0, 0, 0, 0, 100, '2015-05-17', ''),
(603, 11, NULL, '00004505', '00004505', 0, 0, 0, 0, 100, '2015-05-17', ''),
(604, 10, NULL, '00004513', '00004513', 0, 0, 0, 0, 100, '2015-05-17', ''),
(605, 10, NULL, '00004521', '00004521', 0, 0, 0, 0, 100, '2015-05-17', ''),
(606, 12, NULL, '00004529', '00004529', 0, 0, 0, 0, 100, '2015-05-17', ''),
(607, 10, NULL, '00004537', '00004537', 0, 0, 0, 0, 100, '2015-05-17', ''),
(608, 10, NULL, '00004545', '00004545', 0, 0, 0, 0, 100, '2015-05-17', ''),
(609, 10, NULL, '00004553', '00004553', 0, 0, 0, 0, 100, '2015-05-17', ''),
(610, 10, NULL, '00004561', '00004561', 0, 0, 0, 0, 100, '2015-05-17', ''),
(611, 12, NULL, '00004569', '00004569', 0, 0, 0, 0, 100, '2015-05-17', ''),
(612, 10, NULL, '00004577', '00004577', 0, 0, 0, 0, 100, '2015-05-17', ''),
(613, 1, NULL, '00004585', '00004585', 0, 0, 0, 0, 100, '2015-05-17', ''),
(614, 11, NULL, '00004593', '00004593', 0, 0, 0, 0, 100, '2015-05-17', ''),
(615, 10, NULL, '00004601', '00004601', 0, 0, 0, 0, 100, '2015-05-17', ''),
(616, 10, NULL, '00004609', '00004609', 0, 0, 0, 0, 100, '2015-05-17', ''),
(617, 10, NULL, '00004617', '00004617', 0, 0, 0, 0, 100, '2015-05-17', ''),
(618, 10, NULL, '00004625', '00004625', 0, 0, 0, 0, 100, '2015-05-17', ''),
(619, 10, NULL, '00004633', '00004633', 0, 0, 0, 0, 100, '2015-05-17', ''),
(620, 12, NULL, '00004641', '00004641', 0, 0, 0, 0, 100, '2015-05-17', ''),
(621, 10, NULL, '00004649', '00004649', 0, 0, 0, 0, 100, '2015-05-17', ''),
(622, 10, NULL, '00004657', '00004657', 0, 0, 0, 0, 100, '2015-05-17', ''),
(623, 10, NULL, '00004665', '00004665', 0, 0, 0, 0, 100, '2015-05-17', ''),
(624, 11, NULL, '00004673', '00004673', 0, 0, 0, 0, 100, '2015-05-17', ''),
(625, 10, NULL, '00004681', '00004681', 0, 0, 0, 0, 100, '2015-05-17', ''),
(626, 10, NULL, '00004689', '00004689', 0, 0, 0, 0, 100, '2015-05-17', ''),
(627, 11, NULL, '00004697', '00004697', 0, 0, 0, 0, 100, '2015-05-17', ''),
(628, 30, NULL, '00004705', '00004705', 0, 0, 0, 0, 100, '2015-05-17', ''),
(629, 12, NULL, '00004713', '00004713', 0, 0, 0, 0, 100, '2015-05-17', ''),
(630, 10, NULL, '00004721', '00004721', 0, 0, 0, 0, 100, '2015-05-17', ''),
(631, 10, NULL, '00004729', '00004729', 0, 0, 0, 0, 100, '2015-05-17', ''),
(632, 13, NULL, '00004737', '00004737', 0, 0, 0, 0, 100, '2015-05-17', ''),
(633, 10, NULL, '00004745', '00004745', 0, 0, 0, 0, 100, '2015-05-17', ''),
(634, 10, NULL, '00004753', '00004753', 0, 0, 0, 0, 100, '2015-05-17', ''),
(635, 10, NULL, '00004761', '00004761', 0, 0, 0, 0, 100, '2015-05-17', ''),
(636, 11, NULL, '00004769', '00004769', 0, 0, 0, 0, 100, '2015-05-17', ''),
(637, 11, NULL, '00004777', '00004777', 0, 0, 0, 0, 100, '2015-05-17', ''),
(638, 10, NULL, '00004785', '00004785', 0, 0, 0, 0, 100, '2015-05-17', ''),
(639, 10, NULL, '00004793', '00004793', 0, 0, 0, 0, 100, '2015-05-17', ''),
(640, 10, NULL, '00004801', '00004801', 0, 0, 0, 0, 100, '2015-05-17', ''),
(641, 11, NULL, '00004809', '00004809', 0, 0, 0, 0, 100, '2015-05-17', ''),
(642, 11, NULL, '00004817', '00004817', 0, 0, 0, 0, 100, '2015-05-17', ''),
(643, 11, NULL, '00004825', '00004825', 0, 0, 0, 0, 100, '2015-05-17', ''),
(644, 11, NULL, '00004833', '00004833', 0, 0, 0, 0, 100, '2015-05-17', ''),
(645, 10, NULL, '00004841', '00004841', 0, 0, 0, 0, 100, '2015-05-17', ''),
(646, 10, NULL, '00004849', '00004849', 0, 0, 0, 0, 100, '2015-05-17', ''),
(647, 10, NULL, '00004857', '00004857', 0, 0, 0, 0, 100, '2015-05-17', ''),
(648, 10, NULL, '00004865', '00004865', 0, 0, 0, 0, 100, '2015-05-17', ''),
(649, 11, NULL, '00004873', '00004873', 0, 0, 0, 0, 100, '2015-05-17', ''),
(650, 10, NULL, '00004881', '00004881', 0, 0, 0, 0, 100, '2015-05-17', ''),
(651, 13, NULL, '00004889', '00004889', 0, 0, 0, 0, 100, '2015-05-17', ''),
(652, 13, NULL, '00004897', '00004897', 0, 0, 0, 0, 0, '2015-05-17', ''),
(653, 1, NULL, '00004905', '00004905', 0, 0, 0, 0, 0, '2015-05-17', ''),
(654, 16, NULL, '00004913', '00004913', 0, 0, 0, 0, 0, '2015-05-17', ''),
(655, 15, NULL, '00004921', '00004921', 0, 0, 0, 0, 0, '2015-05-17', ''),
(656, 11, NULL, '00004929', '00004929', 0, 0, 0, 0, 0, '2015-05-17', ''),
(657, 10, NULL, '00004937', '00004937', 0, 0, 0, 0, 0, '2015-05-17', ''),
(658, 10, NULL, '00004945', '00004945', 0, 0, 0, 0, 0, '2015-05-17', ''),
(659, 10, NULL, '00004953', '00004953', 0, 0, 0, 0, 0, '2015-05-17', ''),
(660, 1, NULL, '00004961', '00004961', 0, 0, 0, 0, 0, '2015-05-17', ''),
(661, 1, NULL, '00004969', '00004969', 0, 0, 0, 0, 0, '2015-05-17', ''),
(662, 1, NULL, '00004977', '00004977', 0, 0, 0, 0, 0, '2015-05-17', ''),
(663, 10, NULL, '00004985', '00004985', 0, 0, 0, 0, 0, '2015-05-17', ''),
(664, 10, NULL, '00004993', '00004993', 0, 0, 0, 0, 0, '2015-05-17', ''),
(665, 10, NULL, '00005001', '00005001', 0, 0, 0, 0, 0, '2015-05-17', ''),
(666, 10, NULL, '00005009', '00005009', 0, 0, 0, 0, 0, '2015-05-17', ''),
(667, 10, NULL, '00005017', '00005017', 0, 0, 0, 0, 0, '2015-05-17', ''),
(668, 10, NULL, '00005025', '00005025', 0, 0, 0, 0, 0, '2015-05-17', ''),
(669, 10, NULL, '00005033', '00005033', 0, 0, 0, 0, 0, '2015-05-17', ''),
(670, 10, NULL, '00005041', '00005041', 0, 0, 0, 0, 0, '2015-05-17', ''),
(671, 1, NULL, '00005049', '00005049', 0, 0, 0, 0, 0, '2015-05-17', ''),
(672, 10, NULL, '00005057', '00005057', 0, 0, 0, 0, 0, '2015-05-17', ''),
(673, 10, NULL, '00005065', '00005065', 0, 0, 0, 0, 0, '2015-05-17', ''),
(674, 10, NULL, '00005073', '00005073', 0, 0, 0, 0, 0, '2015-05-17', ''),
(675, 11, NULL, '00005081', '00005081', 0, 0, 0, 0, 0, '2015-05-17', ''),
(676, 10, NULL, '00005089', '00005089', 0, 0, 0, 0, 0, '2015-05-17', ''),
(677, 11, NULL, '00005097', '00005097', 0, 0, 0, 0, 0, '2015-05-17', ''),
(678, 10, NULL, '00005105', '00005105', 0, 0, 0, 0, 0, '2015-05-17', ''),
(679, 10, NULL, '00005113', '00005113', 0, 0, 0, 0, 0, '2015-05-17', ''),
(680, 10, NULL, '00005121', '00005121', 0, 0, 0, 0, 0, '2015-05-17', ''),
(681, 10, NULL, '00005129', '00005129', 0, 0, 0, 0, 0, '2015-05-17', ''),
(682, 10, NULL, '00005137', '00005137', 0, 0, 0, 0, 0, '2015-05-17', ''),
(683, 10, NULL, '00005145', '00005145', 0, 0, 0, 0, 0, '2015-05-17', ''),
(684, 10, NULL, '00005153', '00005153', 0, 0, 0, 0, 0, '2015-05-17', ''),
(685, 10, NULL, '00005161', '00005161', 0, 0, 0, 0, 0, '2015-05-17', ''),
(686, 10, NULL, '00005169', '00005169', 0, 0, 0, 0, 0, '2015-05-17', ''),
(687, 10, NULL, '00005177', '00005177', 0, 0, 0, 0, 0, '2015-05-17', ''),
(688, 10, NULL, '00005185', '00005185', 0, 0, 0, 0, 0, '2015-05-17', ''),
(689, 10, NULL, '00005193', '00005193', 0, 0, 0, 0, 0, '2015-05-17', ''),
(690, 10, NULL, '00005201', '00005201', 0, 0, 0, 0, 0, '2015-05-17', ''),
(691, 10, NULL, '00005209', '00005209', 0, 0, 0, 0, 0, '2015-05-17', ''),
(692, 11, NULL, '00005217', '00005217', 0, 0, 0, 0, 0, '2015-05-17', ''),
(693, 10, NULL, '00005225', '00005225', 0, 0, 0, 0, 0, '2015-05-17', ''),
(694, 10, NULL, '00005233', '00005233', 0, 0, 0, 0, 0, '2015-05-17', ''),
(695, 11, NULL, '00005241', '00005241', 0, 0, 0, 0, 0, '2015-05-17', ''),
(696, 10, NULL, '00005249', '00005249', 0, 0, 0, 0, 0, '2015-05-17', ''),
(697, 10, NULL, '00005257', '00005257', 0, 0, 0, 0, 0, '2015-05-17', ''),
(698, 10, NULL, '00005265', '00005265', 0, 0, 0, 0, 0, '2015-05-17', ''),
(699, 10, NULL, '00005273', '00005273', 0, 0, 0, 0, 0, '2015-05-17', ''),
(700, 10, NULL, '00005281', '00005281', 0, 0, 0, 0, 0, '2015-05-17', ''),
(701, 10, NULL, '00005289', '00005289', 0, 0, 0, 0, 0, '2015-05-17', ''),
(702, 11, NULL, '00005297', '00005297', 0, 0, 0, 0, 0, '2015-05-17', ''),
(703, 11, NULL, '00005305', '00005305', 0, 0, 0, 0, 0, '2015-05-17', ''),
(704, 12, NULL, '00005313', '00005313', 0, 0, 0, 0, 0, '2015-05-17', ''),
(705, 12, NULL, '00005321', '00005321', 0, 0, 0, 0, 0, '2015-05-17', ''),
(706, 10, NULL, '00005329', '00005329', 0, 0, 0, 0, 0, '2015-05-17', ''),
(707, 10, NULL, '00005337', '00005337', 0, 0, 0, 0, 0, '2015-05-17', ''),
(708, 11, NULL, '00005345', '00005345', 0, 0, 0, 0, 0, '2015-05-17', ''),
(709, 12, NULL, '00005353', '00005353', 0, 0, 0, 0, 0, '2015-05-17', ''),
(710, 11, NULL, '00005361', '00005361', 0, 0, 0, 0, 0, '2015-05-17', ''),
(711, 10, NULL, '00005369', '00005369', 0, 0, 0, 0, 0, '2015-05-17', ''),
(712, 10, NULL, '00005377', '00005377', 0, 0, 0, 0, 0, '2015-05-17', ''),
(713, 11, NULL, '00005385', '00005385', 0, 0, 0, 0, 0, '2015-05-17', ''),
(714, 11, NULL, '00005393', '00005393', 0, 0, 0, 0, 0, '2015-05-17', ''),
(715, 11, NULL, '00005401', '00005401', 0, 0, 0, 0, 0, '2015-05-17', ''),
(716, 12, NULL, '00005409', '00005409', 0, 0, 0, 0, 0, '2015-05-17', ''),
(717, 12, NULL, '00005417', '00005417', 0, 0, 0, 0, 0, '2015-05-17', ''),
(718, 10, NULL, '00005425', '00005425', 0, 0, 0, 0, 0, '2015-05-17', ''),
(719, 10, NULL, '00005433', '00005433', 0, 0, 0, 0, 0, '2015-05-17', ''),
(720, 11, NULL, '00005441', '00005441', 0, 0, 0, 0, 0, '2015-05-17', ''),
(721, 11, NULL, '00005449', '00005449', 0, 0, 0, 0, 0, '2015-05-17', ''),
(722, 11, NULL, '00005457', '00005457', 0, 0, 0, 0, 0, '2015-05-17', ''),
(723, 11, NULL, '00005465', '00005465', 0, 0, 0, 0, 0, '2015-05-17', ''),
(724, 10, NULL, '00005473', '00005473', 0, 0, 0, 0, 0, '2015-05-17', ''),
(725, 10, NULL, '00005481', '00005481', 0, 0, 0, 0, 0, '2015-05-17', ''),
(726, 10, NULL, '00005489', '00005489', 0, 0, 0, 0, 0, '2015-05-17', ''),
(727, 10, NULL, '00005497', '00005497', 0, 0, 0, 0, 0, '2015-05-17', ''),
(728, 10, NULL, '00005505', '00005505', 0, 0, 0, 0, 0, '2015-05-17', ''),
(729, 10, NULL, '00005513', '00005513', 0, 0, 0, 0, 0, '2015-05-17', ''),
(730, 10, NULL, '00005521', '00005521', 0, 0, 0, 0, 0, '2015-05-17', ''),
(731, 10, NULL, '00005529', '00005529', 0, 0, 0, 0, 0, '2015-05-17', ''),
(732, 10, NULL, '00005537', '00005537', 0, 0, 0, 0, 0, '2015-05-17', ''),
(733, 10, NULL, '00005545', '00005545', 0, 0, 0, 0, 0, '2015-05-17', ''),
(734, 11, NULL, '00005553', '00005553', 0, 0, 0, 0, 0, '2015-05-17', ''),
(735, 12, NULL, '00005561', '00005561', 0, 0, 0, 0, 0, '2015-05-17', ''),
(736, 11, NULL, '00005569', '00005569', 0, 0, 0, 0, 0, '2015-05-17', ''),
(737, 12, NULL, '00005577', '00005577', 0, 0, 0, 0, 0, '2015-05-17', ''),
(738, 11, NULL, '00005585', '00005585', 0, 0, 0, 0, 0, '2015-05-17', ''),
(739, 11, NULL, '00005593', '00005593', 0, 0, 0, 0, 0, '2015-05-17', ''),
(740, 11, NULL, '00005601', '00005601', 0, 0, 0, 0, 0, '2015-05-17', ''),
(741, 11, NULL, '00005609', '00005609', 0, 0, 0, 0, 0, '2015-05-17', ''),
(742, 10, NULL, '00005617', '00005617', 0, 0, 0, 0, 0, '2015-05-17', ''),
(743, 13, NULL, '00005625', '00005625', 0, 0, 0, 0, 0, '2015-05-17', ''),
(744, 15, NULL, '00005633', '00005633', 0, 0, 0, 0, 0, '2015-05-17', ''),
(745, 13, NULL, '00005641', '00005641', 0, 0, 0, 0, 0, '2015-05-17', ''),
(746, 12, NULL, '00005649', '00005649', 0, 0, 0, 0, 0, '2015-05-17', ''),
(747, 13, NULL, '00005657', '00005657', 0, 0, 0, 0, 0, '2015-05-17', ''),
(748, 1, NULL, '00005665', '00005665', 0, 0, 0, 0, 0, '2015-05-18', ''),
(749, 1, NULL, '00005673', '00005673', 0, 0, 0, 0, 0, '2015-05-18', ''),
(750, 1, NULL, '00005681', '00005681', 0, 0, 0, 0, 0, '2015-05-18', ''),
(751, 13, NULL, '00005689', '00005689', 0, 0, 0, 0, 0, '2015-05-18', ''),
(752, 12, NULL, '00005697', '00005697', 0, 0, 0, 0, 0, '2015-05-18', ''),
(753, 1, NULL, '00005705', '00005705', 0, 0, 0, 0, 0, '2015-05-18', ''),
(754, 10, NULL, '00005713', '00005713', 0, 0, 0, 0, 0, '2015-05-18', '');

-- --------------------------------------------------------

--
-- Estructura de tabla para la tabla `t_impresion`
--

CREATE TABLE IF NOT EXISTS `t_impresion` (
  `id` int(11) NOT NULL AUTO_INCREMENT,
  `fac_mc_ne` varchar(2) COLLATE utf8_spanish2_ci NOT NULL,
  `fac_hc_ne` varchar(2) COLLATE utf8_spanish2_ci NOT NULL,
  `pre_mc_ne` varchar(2) COLLATE utf8_spanish2_ci NOT NULL,
  `pre_hc_ne` varchar(2) COLLATE utf8_spanish2_ci NOT NULL,
  PRIMARY KEY (`id`)
) ENGINE=InnoDB  DEFAULT CHARSET=utf8 COLLATE=utf8_spanish2_ci AUTO_INCREMENT=2 ;

--
-- Volcado de datos para la tabla `t_impresion`
--

INSERT INTO `t_impresion` (`id`, `fac_mc_ne`, `fac_hc_ne`, `pre_mc_ne`, `pre_hc_ne`) VALUES
(1, 'si', 'no', 'si', 'no');

-- --------------------------------------------------------

--
-- Estructura de tabla para la tabla `t_inventario_sucursal`
--

CREATE TABLE IF NOT EXISTS `t_inventario_sucursal` (
  `id` int(11) NOT NULL AUTO_INCREMENT,
  `id_producto_terminado` int(11) NOT NULL,
  `id_sucursal` int(11) NOT NULL,
  `cantidad` double NOT NULL,
  PRIMARY KEY (`id`),
  KEY `fk_t_inventario_sucursal_t_sucursal1_idx` (`id_sucursal`),
  KEY `fk_t_inventario_sucursal_t_producto_terminado1_idx` (`id_producto_terminado`)
) ENGINE=InnoDB  DEFAULT CHARSET=utf8 COLLATE=utf8_spanish2_ci AUTO_INCREMENT=3 ;

--
-- Volcado de datos para la tabla `t_inventario_sucursal`
--

INSERT INTO `t_inventario_sucursal` (`id`, `id_producto_terminado`, `id_sucursal`, `cantidad`) VALUES
(2, 5, 5, 100);

-- --------------------------------------------------------

--
-- Estructura de tabla para la tabla `t_iva`
--

CREATE TABLE IF NOT EXISTS `t_iva` (
  `id` int(11) NOT NULL AUTO_INCREMENT,
  `iva` double DEFAULT NULL,
  PRIMARY KEY (`id`)
) ENGINE=InnoDB  DEFAULT CHARSET=utf8 COLLATE=utf8_spanish2_ci AUTO_INCREMENT=2 ;

--
-- Volcado de datos para la tabla `t_iva`
--

INSERT INTO `t_iva` (`id`, `iva`) VALUES
(1, 12);

-- --------------------------------------------------------

--
-- Estructura de tabla para la tabla `t_materia_prima`
--

CREATE TABLE IF NOT EXISTS `t_materia_prima` (
  `id` int(11) NOT NULL AUTO_INCREMENT,
  `codigo` varchar(45) COLLATE utf8_spanish2_ci NOT NULL,
  `nombre` varchar(45) COLLATE utf8_spanish2_ci NOT NULL,
  `cantidad` double DEFAULT NULL,
  PRIMARY KEY (`id`)
) ENGINE=InnoDB  DEFAULT CHARSET=utf8 COLLATE=utf8_spanish2_ci AUTO_INCREMENT=2 ;

--
-- Volcado de datos para la tabla `t_materia_prima`
--

INSERT INTO `t_materia_prima` (`id`, `codigo`, `nombre`, `cantidad`) VALUES
(1, '1211', 'jabon', 12);

-- --------------------------------------------------------

--
-- Estructura de tabla para la tabla `t_nivel`
--

CREATE TABLE IF NOT EXISTS `t_nivel` (
  `id` int(11) NOT NULL AUTO_INCREMENT,
  `descripcion` varchar(20) COLLATE utf8_spanish2_ci NOT NULL,
  PRIMARY KEY (`id`)
) ENGINE=InnoDB  DEFAULT CHARSET=utf8 COLLATE=utf8_spanish2_ci AUTO_INCREMENT=4 ;

--
-- Volcado de datos para la tabla `t_nivel`
--

INSERT INTO `t_nivel` (`id`, `descripcion`) VALUES
(1, 'Super_usuario'),
(2, 'Administrador'),
(3, 'Vendedor');

-- --------------------------------------------------------

--
-- Estructura de tabla para la tabla `t_porcentaje_vendedor`
--

CREATE TABLE IF NOT EXISTS `t_porcentaje_vendedor` (
  `id` int(11) NOT NULL AUTO_INCREMENT,
  `descripcion` varchar(30) COLLATE utf8_spanish2_ci NOT NULL,
  `porcentaje` double NOT NULL,
  PRIMARY KEY (`id`)
) ENGINE=InnoDB DEFAULT CHARSET=utf8 COLLATE=utf8_spanish2_ci AUTO_INCREMENT=1 ;

-- --------------------------------------------------------

--
-- Estructura de tabla para la tabla `t_pre_factura`
--

CREATE TABLE IF NOT EXISTS `t_pre_factura` (
  `id` int(11) NOT NULL AUTO_INCREMENT,
  `id_cliente` int(11) NOT NULL,
  `id_usuario` int(11) NOT NULL,
  `id_status_pre_factura` int(11) NOT NULL,
  `num_fact` varchar(8) COLLATE utf8_spanish2_ci NOT NULL,
  `num_control` varchar(10) COLLATE utf8_spanish2_ci NOT NULL,
  `sub_total` double NOT NULL,
  `exento` double NOT NULL,
  `big` double NOT NULL,
  `iva` double NOT NULL,
  `total` double NOT NULL,
  `fecha` date NOT NULL,
  `observaciones` varchar(100) COLLATE utf8_spanish2_ci NOT NULL,
  PRIMARY KEY (`id`),
  KEY `fk_t_pre_factura_t_cliente1_idx` (`id_cliente`),
  KEY `fk_t_pre_factura_t_usuario1_idx` (`id_usuario`),
  KEY `fk_t_pre_factura_t_status_pre_factura1_idx` (`id_status_pre_factura`)
) ENGINE=InnoDB DEFAULT CHARSET=utf8 COLLATE=utf8_spanish2_ci AUTO_INCREMENT=1 ;

-- --------------------------------------------------------

--
-- Estructura de tabla para la tabla `t_producto_terminado`
--

CREATE TABLE IF NOT EXISTS `t_producto_terminado` (
  `id` int(11) NOT NULL AUTO_INCREMENT,
  `producto` varchar(45) COLLATE utf8_spanish2_ci NOT NULL,
  `precio_compra` varchar(45) COLLATE utf8_spanish2_ci NOT NULL,
  `ganancia` varchar(45) COLLATE utf8_spanish2_ci NOT NULL,
  `precio_neto` varchar(45) COLLATE utf8_spanish2_ci NOT NULL,
  `iva` varchar(45) COLLATE utf8_spanish2_ci NOT NULL,
  `total` varchar(45) COLLATE utf8_spanish2_ci NOT NULL,
  PRIMARY KEY (`id`)
) ENGINE=InnoDB  DEFAULT CHARSET=utf8 COLLATE=utf8_spanish2_ci AUTO_INCREMENT=6 ;

--
-- Volcado de datos para la tabla `t_producto_terminado`
--

INSERT INTO `t_producto_terminado` (`id`, `producto`, `precio_compra`, `ganancia`, `precio_neto`, `iva`, `total`) VALUES
(5, 'jabon', '100', '10', '110', '13.2', '123.2');

-- --------------------------------------------------------

--
-- Estructura de tabla para la tabla `t_punto`
--

CREATE TABLE IF NOT EXISTS `t_punto` (
  `id` int(11) NOT NULL AUTO_INCREMENT,
  `referencia` varchar(20) COLLATE utf8_spanish2_ci NOT NULL,
  `monto` double NOT NULL,
  `efectivo` double NOT NULL,
  `fecha` date DEFAULT NULL,
  PRIMARY KEY (`id`)
) ENGINE=InnoDB DEFAULT CHARSET=utf8 COLLATE=utf8_spanish2_ci AUTO_INCREMENT=1 ;

-- --------------------------------------------------------

--
-- Estructura de tabla para la tabla `t_status_pre_factura`
--

CREATE TABLE IF NOT EXISTS `t_status_pre_factura` (
  `id` int(11) NOT NULL AUTO_INCREMENT,
  `descripcion` varchar(10) COLLATE utf8_spanish2_ci NOT NULL,
  PRIMARY KEY (`id`)
) ENGINE=InnoDB  DEFAULT CHARSET=utf8 COLLATE=utf8_spanish2_ci AUTO_INCREMENT=3 ;

--
-- Volcado de datos para la tabla `t_status_pre_factura`
--

INSERT INTO `t_status_pre_factura` (`id`, `descripcion`) VALUES
(1, 'APROBADA'),
(2, 'NO APROBAD');

-- --------------------------------------------------------

--
-- Estructura de tabla para la tabla `t_sucursal`
--

CREATE TABLE IF NOT EXISTS `t_sucursal` (
  `id` int(11) NOT NULL AUTO_INCREMENT,
  `nombre` varchar(45) COLLATE utf8_spanish2_ci NOT NULL,
  `direccion` varchar(45) COLLATE utf8_spanish2_ci NOT NULL,
  PRIMARY KEY (`id`)
) ENGINE=InnoDB  DEFAULT CHARSET=utf8 COLLATE=utf8_spanish2_ci AUTO_INCREMENT=6 ;

--
-- Volcado de datos para la tabla `t_sucursal`
--

INSERT INTO `t_sucursal` (`id`, `nombre`, `direccion`) VALUES
(5, 'La coruña', 'la coruña');

-- --------------------------------------------------------

--
-- Estructura de tabla para la tabla `t_usuario`
--

CREATE TABLE IF NOT EXISTS `t_usuario` (
  `id` int(11) NOT NULL AUTO_INCREMENT,
  `id_nivel` int(11) NOT NULL,
  `usuario` varchar(45) COLLATE utf8_spanish2_ci NOT NULL,
  `login` varchar(45) COLLATE utf8_spanish2_ci NOT NULL,
  `clave` varchar(45) COLLATE utf8_spanish2_ci NOT NULL,
  PRIMARY KEY (`id`),
  KEY `fk_t_usuario_t_nivel_idx` (`id_nivel`)
) ENGINE=InnoDB  DEFAULT CHARSET=utf8 COLLATE=utf8_spanish2_ci AUTO_INCREMENT=3 ;

--
-- Volcado de datos para la tabla `t_usuario`
--

INSERT INTO `t_usuario` (`id`, `id_nivel`, `usuario`, `login`, `clave`) VALUES
(1, 1, 'hector', 'hectordav', '1234'),
(2, 2, 'issa', 'issalex', '12111');

--
-- Restricciones para tablas volcadas
--

--
-- Filtros para la tabla `t_balance_x`
--
ALTER TABLE `t_balance_x`
  ADD CONSTRAINT `fk_t_balance_x_t_usuario1` FOREIGN KEY (`id_usuario`) REFERENCES `t_usuario` (`id`) ON DELETE CASCADE ON UPDATE CASCADE;

--
-- Filtros para la tabla `t_balance_x_vendedor`
--
ALTER TABLE `t_balance_x_vendedor`
  ADD CONSTRAINT `fk_t_balance_x_vendedor_t_usuario1` FOREIGN KEY (`id_usuario`) REFERENCES `t_usuario` (`id`) ON DELETE CASCADE ON UPDATE CASCADE;

--
-- Filtros para la tabla `t_det_factura`
--
ALTER TABLE `t_det_factura`
  ADD CONSTRAINT `fk_t_det_factura_t_factura1` FOREIGN KEY (`id_factura`) REFERENCES `t_factura` (`id`) ON DELETE CASCADE ON UPDATE CASCADE;

--
-- Filtros para la tabla `t_det_pre_factura`
--
ALTER TABLE `t_det_pre_factura`
  ADD CONSTRAINT `fk_t_det_pre_factura_t_pre_factura1` FOREIGN KEY (`id_pre_factura`) REFERENCES `t_pre_factura` (`id`) ON DELETE CASCADE ON UPDATE CASCADE;

--
-- Filtros para la tabla `t_det_producto_terminado`
--
ALTER TABLE `t_det_producto_terminado`
  ADD CONSTRAINT `fk_t_det_producto_terminado_t_materia_prima1` FOREIGN KEY (`id_materia_prima`) REFERENCES `t_materia_prima` (`id`) ON DELETE CASCADE ON UPDATE CASCADE,
  ADD CONSTRAINT `fk_t_det_producto_terminado_t_producto_terminado1` FOREIGN KEY (`id_producto_terminado`) REFERENCES `t_producto_terminado` (`id`) ON DELETE CASCADE ON UPDATE CASCADE;

--
-- Filtros para la tabla `t_factura`
--
ALTER TABLE `t_factura`
  ADD CONSTRAINT `fk_t_factura_t_usuario1` FOREIGN KEY (`id_usuario`) REFERENCES `t_usuario` (`id`) ON DELETE SET NULL ON UPDATE SET NULL,
  ADD CONSTRAINT `fk_t_factura_t_cliente1` FOREIGN KEY (`id_cliente`) REFERENCES `t_cliente` (`id`) ON DELETE CASCADE ON UPDATE CASCADE;

--
-- Filtros para la tabla `t_inventario_sucursal`
--
ALTER TABLE `t_inventario_sucursal`
  ADD CONSTRAINT `fk_t_inventario_sucursal_t_producto_terminado1` FOREIGN KEY (`id_producto_terminado`) REFERENCES `t_producto_terminado` (`id`) ON DELETE CASCADE ON UPDATE CASCADE,
  ADD CONSTRAINT `fk_t_inventario_sucursal_t_sucursal1` FOREIGN KEY (`id_sucursal`) REFERENCES `t_sucursal` (`id`) ON DELETE CASCADE ON UPDATE CASCADE;

--
-- Filtros para la tabla `t_pre_factura`
--
ALTER TABLE `t_pre_factura`
  ADD CONSTRAINT `fk_t_pre_factura_t_cliente1` FOREIGN KEY (`id_cliente`) REFERENCES `t_cliente` (`id`) ON DELETE CASCADE ON UPDATE CASCADE,
  ADD CONSTRAINT `fk_t_pre_factura_t_status_pre_factura1` FOREIGN KEY (`id_status_pre_factura`) REFERENCES `t_status_pre_factura` (`id`) ON DELETE CASCADE ON UPDATE CASCADE,
  ADD CONSTRAINT `fk_t_pre_factura_t_usuario1` FOREIGN KEY (`id_usuario`) REFERENCES `t_usuario` (`id`) ON DELETE CASCADE ON UPDATE CASCADE;

--
-- Filtros para la tabla `t_usuario`
--
ALTER TABLE `t_usuario`
  ADD CONSTRAINT `fk_t_usuario_t_nivel` FOREIGN KEY (`id_nivel`) REFERENCES `t_nivel` (`id`) ON DELETE CASCADE ON UPDATE CASCADE;

/*!40101 SET CHARACTER_SET_CLIENT=@OLD_CHARACTER_SET_CLIENT */;
/*!40101 SET CHARACTER_SET_RESULTS=@OLD_CHARACTER_SET_RESULTS */;
/*!40101 SET COLLATION_CONNECTION=@OLD_COLLATION_CONNECTION */;
